i_on_A_m,i_off_nA_um,v_dd_V,c_gs,t_crit_s,clk_freq_GHz,p_leak_total_W,energy_cycle_par_total_pJ,energy_cycle_wire_total_pJ,energy_cycle_load_total_pJ,energy_dyn_cycle_total_pJ,energy_leak_total_pJ,energy_cycle_total_pJ,edp_Js,edp_pJns
600.0,400.0,1.8,1.0,4.164983695677558e-09,0.24009697829977228,0.005919776038400001,1.870303812249601,3.763205676462857,1.84598565435648,7.479495143068938,24.65577068199869,32.13526582506762,1.3384285821767089e-19,133.84285821767088
600.0,400.0,1.8,1.0,4.164983695677558e-09,0.24009697829977228,0.005919776038400001,1.870303812249601,3.763205676462857,1.84598565435648,7.479495143068938,24.65577068199869,32.13526582506762,1.3384285821767089e-19,133.84285821767088
600.0,400.0,4.0,1.0,9.16371201096484e-09,0.10912608327318121,0.013155057863111113,9.23606820864,18.58373173561905,9.115978540032003,36.935778484291056,120.54916174512879,157.48494022941983,1.4431466383264143e-18,1443.1466383264144
600.0,400.0,3.0,1.0,6.891562776743349e-09,0.14510496855294644,0.009866293397333335,5.19528836736,10.453349101285715,5.127737928768,20.776375397413712,67.99418032149109,88.7705557189048,6.117678574632258e-19,611.7678574632258
600.0,400.0,1.8,1.0,4.164983695677558e-09,0.24009697829977228,0.005919776038400001,1.870303812249601,3.763205676462857,1.84598565435648,7.479495143068938,24.65577068199869,32.13526582506762,1.3384285821767089e-19,133.84285821767088
600.0,400.0,1.8,1.0,4.164983695677558e-09,0.24009697829977228,0.005919776038400001,1.870303812249601,3.763205676462857,1.84598565435648,7.479495143068938,24.65577068199869,32.13526582506762,1.3384285821767089e-19,133.84285821767088
